course_id,course_name,level,stream,scope,source,source_url,verification_status
COURSE001,B.A. English,UG,Arts & Humanities,All India,UGC/AISHE-aligned national course catalogue,https://www.ugc.gov.in/regulations/UGC_Regulations_university,Prototype catalogue; verify institution-specific availability and regulator approval.
COURSE002,B.A. Hindi,UG,Arts & Humanities,All India,UGC/AISHE-aligned national course catalogue,https://www.ugc.gov.in/regulations/UGC_Regulations_university,Prototype catalogue; verify institution-specific availability and regulator approval.
COURSE003,B.A. History,UG,Arts & Humanities,All India,UGC/AISHE-aligned national course catalogue,https://www.ugc.gov.in/regulations/UGC_Regulations_university,Prototype catalogue; verify institution-specific availability and regulator approval.
COURSE004,B.A. Political Science,UG,Social Sciences,All India,UGC/AISHE-aligned national course catalogue,https://www.ugc.gov.in/regulations/UGC_Regulations_university,Prototype catalogue; verify institution-specific availability and regulator approval.
COURSE005,B.A. Sociology,UG,Social Sciences,All India,UGC/AISHE-aligned national course catalogue,https://www.ugc.gov.in/regulations/UGC_Regulations_university,Prototype catalogue; verify institution-specific availability and regulator approval.
COURSE006,B.A. Economics,UG,Social Sciences,All India,UGC/AISHE-aligned national course catalogue,https://www.ugc.gov.in/regulations/UGC_Regulations_university,Prototype catalogue; verify institution-specific availability and regulator approval.
COURSE007,B.A. Psychology,UG,Social Sciences,All India,UGC/AISHE-aligned national course catalogue,https://www.ugc.gov.in/regulations/UGC_Regulations_university,Prototype catalogue; verify institution-specific availability and regulator approval.
COURSE008,B.A. Geography,UG,Social Sciences,All India,UGC/AISHE-aligned national course catalogue,https://www.ugc.gov.in/regulations/UGC_Regulations_university,Prototype catalogue; verify institution-specific availability and regulator approval.
COURSE009,B.A. Philosophy,UG,Arts & Humanities,All India,UGC/AISHE-aligned national course catalogue,https://www.ugc.gov.in/regulations/UGC_Regulations_university,Prototype catalogue; verify institution-specific availability and regulator approval.
COURSE010,B.A. Sanskrit,UG,Languages,All India,UGC/AISHE-aligned national course catalogue,https://www.ugc.gov.in/regulations/UGC_Regulations_university,Prototype catalogue; verify institution-specific availability and regulator approval.
COURSE011,B.A. Urdu,UG,Languages,All India,UGC/AISHE-aligned national course catalogue,https://www.ugc.gov.in/regulations/UGC_Regulations_university,Prototype catalogue; verify institution-specific availability and regulator approval.
COURSE012,B.A. Public Administration,UG,Social Sciences,All India,UGC/AISHE-aligned national course catalogue,https://www.ugc.gov.in/regulations/UGC_Regulations_university,Prototype catalogue; verify institution-specific availability and regulator approval.
COURSE013,B.A. Journalism & Mass Communication,UG,Media,All India,UGC/AISHE-aligned national course catalogue,https://www.ugc.gov.in/regulations/UGC_Regulations_university,Prototype catalogue; verify institution-specific availability and regulator approval.
COURSE014,B.A. Fine Arts,UG,Fine Arts,All India,UGC/AISHE-aligned national course catalogue,https://www.ugc.gov.in/regulations/UGC_Regulations_university,Prototype catalogue; verify institution-specific availability and regulator approval.
COURSE015,B.A. Music,UG,Performing Arts,All India,UGC/AISHE-aligned national course catalogue,https://www.ugc.gov.in/regulations/UGC_Regulations_university,Prototype catalogue; verify institution-specific availability and regulator approval.
COURSE016,B.A. Archaeology,UG,Humanities,All India,UGC/AISHE-aligned national course catalogue,https://www.ugc.gov.in/regulations/UGC_Regulations_university,Prototype catalogue; verify institution-specific availability and regulator approval.
COURSE017,B.A. Anthropology,UG,Social Sciences,All India,UGC/AISHE-aligned national course catalogue,https://www.ugc.gov.in/regulations/UGC_Regulations_university,Prototype catalogue; verify institution-specific availability and regulator approval.
COURSE018,B.A. Linguistics,UG,Languages,All India,UGC/AISHE-aligned national course catalogue,https://www.ugc.gov.in/regulations/UGC_Regulations_university,Prototype catalogue; verify institution-specific availability and regulator approval.
COURSE019,B.Com,UG,Commerce,All India,UGC/AISHE-aligned national course catalogue,https://www.ugc.gov.in/regulations/UGC_Regulations_university,Prototype catalogue; verify institution-specific availability and regulator approval.
COURSE020,B.Com Accounting & Finance,UG,Commerce,All India,UGC/AISHE-aligned national course catalogue,https://www.ugc.gov.in/regulations/UGC_Regulations_university,Prototype catalogue; verify institution-specific availability and regulator approval.
COURSE021,B.Com Banking & Insurance,UG,Commerce,All India,UGC/AISHE-aligned national course catalogue,https://www.ugc.gov.in/regulations/UGC_Regulations_university,Prototype catalogue; verify institution-specific availability and regulator approval.
COURSE022,B.Com Computer Applications,UG,Commerce,All India,UGC/AISHE-aligned national course catalogue,https://www.ugc.gov.in/regulations/UGC_Regulations_university,Prototype catalogue; verify institution-specific availability and regulator approval.
COURSE023,B.Com Corporate Secretaryship,UG,Commerce,All India,UGC/AISHE-aligned national course catalogue,https://www.ugc.gov.in/regulations/UGC_Regulations_university,Prototype catalogue; verify institution-specific availability and regulator approval.
COURSE024,B.Com E-Commerce,UG,Commerce,All India,UGC/AISHE-aligned national course catalogue,https://www.ugc.gov.in/regulations/UGC_Regulations_university,Prototype catalogue; verify institution-specific availability and regulator approval.
COURSE025,BBA,UG,Management,All India,UGC/AISHE-aligned national course catalogue,https://www.ugc.gov.in/regulations/UGC_Regulations_university,Prototype catalogue; verify institution-specific availability and regulator approval.
COURSE026,BBA Finance,UG,Management,All India,UGC/AISHE-aligned national course catalogue,https://www.ugc.gov.in/regulations/UGC_Regulations_university,Prototype catalogue; verify institution-specific availability and regulator approval.
COURSE027,BBA Marketing,UG,Management,All India,UGC/AISHE-aligned national course catalogue,https://www.ugc.gov.in/regulations/UGC_Regulations_university,Prototype catalogue; verify institution-specific availability and regulator approval.
COURSE028,BBA Human Resource Management,UG,Management,All India,UGC/AISHE-aligned national course catalogue,https://www.ugc.gov.in/regulations/UGC_Regulations_university,Prototype catalogue; verify institution-specific availability and regulator approval.
COURSE029,BBA Business Analytics,UG,Management,All India,UGC/AISHE-aligned national course catalogue,https://www.ugc.gov.in/regulations/UGC_Regulations_university,Prototype catalogue; verify institution-specific availability and regulator approval.
COURSE030,BBA International Business,UG,Management,All India,UGC/AISHE-aligned national course catalogue,https://www.ugc.gov.in/regulations/UGC_Regulations_university,Prototype catalogue; verify institution-specific availability and regulator approval.
COURSE031,BBA Tourism Management,UG,Management,All India,UGC/AISHE-aligned national course catalogue,https://www.ugc.gov.in/regulations/UGC_Regulations_university,Prototype catalogue; verify institution-specific availability and regulator approval.
COURSE032,BCA,UG,Computer Applications,All India,UGC/AISHE-aligned national course catalogue,https://www.ugc.gov.in/regulations/UGC_Regulations_university,Prototype catalogue; verify institution-specific availability and regulator approval.
COURSE033,BCA Data Science,UG,Computer Applications,All India,UGC/AISHE-aligned national course catalogue,https://www.ugc.gov.in/regulations/UGC_Regulations_university,Prototype catalogue; verify institution-specific availability and regulator approval.
COURSE034,BCA Artificial Intelligence,UG,Computer Applications,All India,UGC/AISHE-aligned national course catalogue,https://www.ugc.gov.in/regulations/UGC_Regulations_university,Prototype catalogue; verify institution-specific availability and regulator approval.
COURSE035,BCA Cyber Security,UG,Computer Applications,All India,UGC/AISHE-aligned national course catalogue,https://www.ugc.gov.in/regulations/UGC_Regulations_university,Prototype catalogue; verify institution-specific availability and regulator approval.
COURSE036,BCA Cloud Computing,UG,Computer Applications,All India,UGC/AISHE-aligned national course catalogue,https://www.ugc.gov.in/regulations/UGC_Regulations_university,Prototype catalogue; verify institution-specific availability and regulator approval.
COURSE037,B.Sc. Mathematics,UG,Science,All India,UGC/AISHE-aligned national course catalogue,https://www.ugc.gov.in/regulations/UGC_Regulations_university,Prototype catalogue; verify institution-specific availability and regulator approval.
COURSE038,B.Sc. Physics,UG,Science,All India,UGC/AISHE-aligned national course catalogue,https://www.ugc.gov.in/regulations/UGC_Regulations_university,Prototype catalogue; verify institution-specific availability and regulator approval.
COURSE039,B.Sc. Chemistry,UG,Science,All India,UGC/AISHE-aligned national course catalogue,https://www.ugc.gov.in/regulations/UGC_Regulations_university,Prototype catalogue; verify institution-specific availability and regulator approval.
COURSE040,B.Sc. Biology,UG,Science,All India,UGC/AISHE-aligned national course catalogue,https://www.ugc.gov.in/regulations/UGC_Regulations_university,Prototype catalogue; verify institution-specific availability and regulator approval.
COURSE041,B.Sc. Botany,UG,Life Sciences,All India,UGC/AISHE-aligned national course catalogue,https://www.ugc.gov.in/regulations/UGC_Regulations_university,Prototype catalogue; verify institution-specific availability and regulator approval.
COURSE042,B.Sc. Zoology,UG,Life Sciences,All India,UGC/AISHE-aligned national course catalogue,https://www.ugc.gov.in/regulations/UGC_Regulations_university,Prototype catalogue; verify institution-specific availability and regulator approval.
COURSE043,B.Sc. Biotechnology,UG,Life Sciences,All India,UGC/AISHE-aligned national course catalogue,https://www.ugc.gov.in/regulations/UGC_Regulations_university,Prototype catalogue; verify institution-specific availability and regulator approval.
COURSE044,B.Sc. Microbiology,UG,Life Sciences,All India,UGC/AISHE-aligned national course catalogue,https://www.ugc.gov.in/regulations/UGC_Regulations_university,Prototype catalogue; verify institution-specific availability and regulator approval.
COURSE045,B.Sc. Biochemistry,UG,Life Sciences,All India,UGC/AISHE-aligned national course catalogue,https://www.ugc.gov.in/regulations/UGC_Regulations_university,Prototype catalogue; verify institution-specific availability and regulator approval.
COURSE046,B.Sc. Computer Science,UG,Computer Science,All India,UGC/AISHE-aligned national course catalogue,https://www.ugc.gov.in/regulations/UGC_Regulations_university,Prototype catalogue; verify institution-specific availability and regulator approval.
COURSE047,B.Sc. Information Technology,UG,Computer Science,All India,UGC/AISHE-aligned national course catalogue,https://www.ugc.gov.in/regulations/UGC_Regulations_university,Prototype catalogue; verify institution-specific availability and regulator approval.
COURSE048,B.Sc. Data Science,UG,Computer Science,All India,UGC/AISHE-aligned national course catalogue,https://www.ugc.gov.in/regulations/UGC_Regulations_university,Prototype catalogue; verify institution-specific availability and regulator approval.
COURSE049,B.Sc. Artificial Intelligence,UG,Computer Science,All India,UGC/AISHE-aligned national course catalogue,https://www.ugc.gov.in/regulations/UGC_Regulations_university,Prototype catalogue; verify institution-specific availability and regulator approval.
COURSE050,B.Sc. Statistics,UG,Science,All India,UGC/AISHE-aligned national course catalogue,https://www.ugc.gov.in/regulations/UGC_Regulations_university,Prototype catalogue; verify institution-specific availability and regulator approval.
COURSE051,B.Sc. Electronics,UG,Science,All India,UGC/AISHE-aligned national course catalogue,https://www.ugc.gov.in/regulations/UGC_Regulations_university,Prototype catalogue; verify institution-specific availability and regulator approval.
COURSE052,B.Sc. Environmental Science,UG,Environmental Studies,All India,UGC/AISHE-aligned national course catalogue,https://www.ugc.gov.in/regulations/UGC_Regulations_university,Prototype catalogue; verify institution-specific availability and regulator approval.
COURSE053,B.Sc. Geology,UG,Earth Sciences,All India,UGC/AISHE-aligned national course catalogue,https://www.ugc.gov.in/regulations/UGC_Regulations_university,Prototype catalogue; verify institution-specific availability and regulator approval.
COURSE054,B.Sc. Food Technology,UG,Food Technology,All India,UGC/AISHE-aligned national course catalogue,https://www.ugc.gov.in/regulations/UGC_Regulations_university,Prototype catalogue; verify institution-specific availability and regulator approval.
COURSE055,B.Sc. Agriculture,UG,Agriculture,All India,UGC/AISHE-aligned national course catalogue,https://www.ugc.gov.in/regulations/UGC_Regulations_university,Prototype catalogue; verify institution-specific availability and regulator approval.
COURSE056,B.Sc. Horticulture,UG,Agriculture,All India,UGC/AISHE-aligned national course catalogue,https://www.ugc.gov.in/regulations/UGC_Regulations_university,Prototype catalogue; verify institution-specific availability and regulator approval.
COURSE057,B.Sc. Forestry,UG,Agriculture,All India,UGC/AISHE-aligned national course catalogue,https://www.ugc.gov.in/regulations/UGC_Regulations_university,Prototype catalogue; verify institution-specific availability and regulator approval.
COURSE058,B.Sc. Fisheries,UG,Agriculture,All India,UGC/AISHE-aligned national course catalogue,https://www.ugc.gov.in/regulations/UGC_Regulations_university,Prototype catalogue; verify institution-specific availability and regulator approval.
COURSE059,B.Tech. Computer Science & Engineering,UG,Engineering,All India,UGC/AISHE-aligned national course catalogue,https://www.ugc.gov.in/regulations/UGC_Regulations_university,Prototype catalogue; verify institution-specific availability and regulator approval.
COURSE060,B.Tech. Information Technology,UG,Engineering,All India,UGC/AISHE-aligned national course catalogue,https://www.ugc.gov.in/regulations/UGC_Regulations_university,Prototype catalogue; verify institution-specific availability and regulator approval.
COURSE061,B.Tech. Artificial Intelligence,UG,Engineering,All India,UGC/AISHE-aligned national course catalogue,https://www.ugc.gov.in/regulations/UGC_Regulations_university,Prototype catalogue; verify institution-specific availability and regulator approval.
COURSE062,B.Tech. Data Science,UG,Engineering,All India,UGC/AISHE-aligned national course catalogue,https://www.ugc.gov.in/regulations/UGC_Regulations_university,Prototype catalogue; verify institution-specific availability and regulator approval.
COURSE063,B.Tech. Electronics & Communication,UG,Engineering,All India,UGC/AISHE-aligned national course catalogue,https://www.ugc.gov.in/regulations/UGC_Regulations_university,Prototype catalogue; verify institution-specific availability and regulator approval.
COURSE064,B.Tech. Electrical Engineering,UG,Engineering,All India,UGC/AISHE-aligned national course catalogue,https://www.ugc.gov.in/regulations/UGC_Regulations_university,Prototype catalogue; verify institution-specific availability and regulator approval.
COURSE065,B.Tech. Mechanical Engineering,UG,Engineering,All India,UGC/AISHE-aligned national course catalogue,https://www.ugc.gov.in/regulations/UGC_Regulations_university,Prototype catalogue; verify institution-specific availability and regulator approval.
COURSE066,B.Tech. Civil Engineering,UG,Engineering,All India,UGC/AISHE-aligned national course catalogue,https://www.ugc.gov.in/regulations/UGC_Regulations_university,Prototype catalogue; verify institution-specific availability and regulator approval.
COURSE067,B.Tech. Chemical Engineering,UG,Engineering,All India,UGC/AISHE-aligned national course catalogue,https://www.ugc.gov.in/regulations/UGC_Regulations_university,Prototype catalogue; verify institution-specific availability and regulator approval.
COURSE068,B.Tech. Biotechnology,UG,Engineering,All India,UGC/AISHE-aligned national course catalogue,https://www.ugc.gov.in/regulations/UGC_Regulations_university,Prototype catalogue; verify institution-specific availability and regulator approval.
COURSE069,B.Tech. Aerospace Engineering,UG,Engineering,All India,UGC/AISHE-aligned national course catalogue,https://www.ugc.gov.in/regulations/UGC_Regulations_university,Prototype catalogue; verify institution-specific availability and regulator approval.
COURSE070,B.Tech. Automobile Engineering,UG,Engineering,All India,UGC/AISHE-aligned national course catalogue,https://www.ugc.gov.in/regulations/UGC_Regulations_university,Prototype catalogue; verify institution-specific availability and regulator approval.
COURSE071,B.Tech. Biomedical Engineering,UG,Engineering,All India,UGC/AISHE-aligned national course catalogue,https://www.ugc.gov.in/regulations/UGC_Regulations_university,Prototype catalogue; verify institution-specific availability and regulator approval.
COURSE072,B.Tech. Mechatronics,UG,Engineering,All India,UGC/AISHE-aligned national course catalogue,https://www.ugc.gov.in/regulations/UGC_Regulations_university,Prototype catalogue; verify institution-specific availability and regulator approval.
COURSE073,B.Arch.,UG,Architecture,All India,UGC/AISHE-aligned national course catalogue,https://www.ugc.gov.in/regulations/UGC_Regulations_university,Prototype catalogue; verify institution-specific availability and regulator approval.
COURSE074,B.Plan.,UG,Planning,All India,UGC/AISHE-aligned national course catalogue,https://www.ugc.gov.in/regulations/UGC_Regulations_university,Prototype catalogue; verify institution-specific availability and regulator approval.
COURSE075,B.Des. Fashion Design,UG,Design,All India,UGC/AISHE-aligned national course catalogue,https://www.ugc.gov.in/regulations/UGC_Regulations_university,Prototype catalogue; verify institution-specific availability and regulator approval.
COURSE076,B.Des. Product Design,UG,Design,All India,UGC/AISHE-aligned national course catalogue,https://www.ugc.gov.in/regulations/UGC_Regulations_university,Prototype catalogue; verify institution-specific availability and regulator approval.
COURSE077,B.Des. Communication Design,UG,Design,All India,UGC/AISHE-aligned national course catalogue,https://www.ugc.gov.in/regulations/UGC_Regulations_university,Prototype catalogue; verify institution-specific availability and regulator approval.
COURSE078,BFA,UG,Fine Arts,All India,UGC/AISHE-aligned national course catalogue,https://www.ugc.gov.in/regulations/UGC_Regulations_university,Prototype catalogue; verify institution-specific availability and regulator approval.
COURSE079,B.Voc. Retail Management,UG,Vocational,All India,UGC/AISHE-aligned national course catalogue,https://www.ugc.gov.in/regulations/UGC_Regulations_university,Prototype catalogue; verify institution-specific availability and regulator approval.
COURSE080,B.Voc. IT,UG,Vocational,All India,UGC/AISHE-aligned national course catalogue,https://www.ugc.gov.in/regulations/UGC_Regulations_university,Prototype catalogue; verify institution-specific availability and regulator approval.
COURSE081,B.Voc. Healthcare,UG,Vocational,All India,UGC/AISHE-aligned national course catalogue,https://www.ugc.gov.in/regulations/UGC_Regulations_university,Prototype catalogue; verify institution-specific availability and regulator approval.
COURSE082,B.Ed.,UG/Professional,Education,All India,UGC/AISHE-aligned national course catalogue,https://www.ugc.gov.in/regulations/UGC_Regulations_university,Prototype catalogue; verify institution-specific availability and regulator approval.
COURSE083,B.El.Ed.,UG/Professional,Education,All India,UGC/AISHE-aligned national course catalogue,https://www.ugc.gov.in/regulations/UGC_Regulations_university,Prototype catalogue; verify institution-specific availability and regulator approval.
COURSE084,B.P.Ed.,UG/Professional,Physical Education,All India,UGC/AISHE-aligned national course catalogue,https://www.ugc.gov.in/regulations/UGC_Regulations_university,Prototype catalogue; verify institution-specific availability and regulator approval.
COURSE085,B.Lib.I.Sc.,UG,Library Science,All India,UGC/AISHE-aligned national course catalogue,https://www.ugc.gov.in/regulations/UGC_Regulations_university,Prototype catalogue; verify institution-specific availability and regulator approval.
COURSE086,B.S.W.,UG,Social Work,All India,UGC/AISHE-aligned national course catalogue,https://www.ugc.gov.in/regulations/UGC_Regulations_university,Prototype catalogue; verify institution-specific availability and regulator approval.
COURSE087,LL.B.,UG/Professional,Law,All India,UGC/AISHE-aligned national course catalogue,https://www.ugc.gov.in/regulations/UGC_Regulations_university,Prototype catalogue; verify institution-specific availability and regulator approval.
COURSE088,B.A. LL.B.,Integrated,Law,All India,UGC/AISHE-aligned national course catalogue,https://www.ugc.gov.in/regulations/UGC_Regulations_university,Prototype catalogue; verify institution-specific availability and regulator approval.
COURSE089,B.B.A. LL.B.,Integrated,Law,All India,UGC/AISHE-aligned national course catalogue,https://www.ugc.gov.in/regulations/UGC_Regulations_university,Prototype catalogue; verify institution-specific availability and regulator approval.
COURSE090,B.Com. LL.B.,Integrated,Law,All India,UGC/AISHE-aligned national course catalogue,https://www.ugc.gov.in/regulations/UGC_Regulations_university,Prototype catalogue; verify institution-specific availability and regulator approval.
COURSE091,B.Sc. Nursing,UG/Professional,Nursing,All India,UGC/AISHE-aligned national course catalogue,https://www.ugc.gov.in/regulations/UGC_Regulations_university,Prototype catalogue; verify institution-specific availability and regulator approval.
COURSE092,B.Pharm.,UG/Professional,Pharmacy,All India,UGC/AISHE-aligned national course catalogue,https://www.ugc.gov.in/regulations/UGC_Regulations_university,Prototype catalogue; verify institution-specific availability and regulator approval.
COURSE093,Pharm.D,UG/Professional,Pharmacy,All India,UGC/AISHE-aligned national course catalogue,https://www.ugc.gov.in/regulations/UGC_Regulations_university,Prototype catalogue; verify institution-specific availability and regulator approval.
COURSE094,MBBS,UG/Professional,Medicine,All India,UGC/AISHE-aligned national course catalogue,https://www.ugc.gov.in/regulations/UGC_Regulations_university,Prototype catalogue; verify institution-specific availability and regulator approval.
COURSE095,BDS,UG/Professional,Dental,All India,UGC/AISHE-aligned national course catalogue,https://www.ugc.gov.in/regulations/UGC_Regulations_university,Prototype catalogue; verify institution-specific availability and regulator approval.
COURSE096,BAMS,UG/Professional,AYUSH,All India,UGC/AISHE-aligned national course catalogue,https://www.ugc.gov.in/regulations/UGC_Regulations_university,Prototype catalogue; verify institution-specific availability and regulator approval.
COURSE097,BHMS,UG/Professional,AYUSH,All India,UGC/AISHE-aligned national course catalogue,https://www.ugc.gov.in/regulations/UGC_Regulations_university,Prototype catalogue; verify institution-specific availability and regulator approval.
COURSE098,BUMS,UG/Professional,AYUSH,All India,UGC/AISHE-aligned national course catalogue,https://www.ugc.gov.in/regulations/UGC_Regulations_university,Prototype catalogue; verify institution-specific availability and regulator approval.
COURSE099,BNYS,UG/Professional,AYUSH,All India,UGC/AISHE-aligned national course catalogue,https://www.ugc.gov.in/regulations/UGC_Regulations_university,Prototype catalogue; verify institution-specific availability and regulator approval.
COURSE100,BPT,UG/Professional,Allied Health,All India,UGC/AISHE-aligned national course catalogue,https://www.ugc.gov.in/regulations/UGC_Regulations_university,Prototype catalogue; verify institution-specific availability and regulator approval.
COURSE101,BMLT,UG/Professional,Allied Health,All India,UGC/AISHE-aligned national course catalogue,https://www.ugc.gov.in/regulations/UGC_Regulations_university,Prototype catalogue; verify institution-specific availability and regulator approval.
COURSE102,BASLP,UG/Professional,Allied Health,All India,UGC/AISHE-aligned national course catalogue,https://www.ugc.gov.in/regulations/UGC_Regulations_university,Prototype catalogue; verify institution-specific availability and regulator approval.
COURSE103,B.Optom.,UG/Professional,Allied Health,All India,UGC/AISHE-aligned national course catalogue,https://www.ugc.gov.in/regulations/UGC_Regulations_university,Prototype catalogue; verify institution-specific availability and regulator approval.
COURSE104,BHM,UG/Professional,Hospitality,All India,UGC/AISHE-aligned national course catalogue,https://www.ugc.gov.in/regulations/UGC_Regulations_university,Prototype catalogue; verify institution-specific availability and regulator approval.
COURSE105,BTTM,UG/Professional,Tourism,All India,UGC/AISHE-aligned national course catalogue,https://www.ugc.gov.in/regulations/UGC_Regulations_university,Prototype catalogue; verify institution-specific availability and regulator approval.
COURSE106,M.A. English,PG,Arts & Humanities,All India,UGC/AISHE-aligned national course catalogue,https://www.ugc.gov.in/regulations/UGC_Regulations_university,Prototype catalogue; verify institution-specific availability and regulator approval.
COURSE107,M.A. Hindi,PG,Arts & Humanities,All India,UGC/AISHE-aligned national course catalogue,https://www.ugc.gov.in/regulations/UGC_Regulations_university,Prototype catalogue; verify institution-specific availability and regulator approval.
COURSE108,M.A. History,PG,Arts & Humanities,All India,UGC/AISHE-aligned national course catalogue,https://www.ugc.gov.in/regulations/UGC_Regulations_university,Prototype catalogue; verify institution-specific availability and regulator approval.
COURSE109,M.A. Political Science,PG,Social Sciences,All India,UGC/AISHE-aligned national course catalogue,https://www.ugc.gov.in/regulations/UGC_Regulations_university,Prototype catalogue; verify institution-specific availability and regulator approval.
COURSE110,M.A. Sociology,PG,Social Sciences,All India,UGC/AISHE-aligned national course catalogue,https://www.ugc.gov.in/regulations/UGC_Regulations_university,Prototype catalogue; verify institution-specific availability and regulator approval.
COURSE111,M.A. Economics,PG,Social Sciences,All India,UGC/AISHE-aligned national course catalogue,https://www.ugc.gov.in/regulations/UGC_Regulations_university,Prototype catalogue; verify institution-specific availability and regulator approval.
COURSE112,M.A. Psychology,PG,Social Sciences,All India,UGC/AISHE-aligned national course catalogue,https://www.ugc.gov.in/regulations/UGC_Regulations_university,Prototype catalogue; verify institution-specific availability and regulator approval.
COURSE113,M.A. Geography,PG,Social Sciences,All India,UGC/AISHE-aligned national course catalogue,https://www.ugc.gov.in/regulations/UGC_Regulations_university,Prototype catalogue; verify institution-specific availability and regulator approval.
COURSE114,M.A. Public Administration,PG,Social Sciences,All India,UGC/AISHE-aligned national course catalogue,https://www.ugc.gov.in/regulations/UGC_Regulations_university,Prototype catalogue; verify institution-specific availability and regulator approval.
COURSE115,M.A. Journalism & Mass Communication,PG,Media,All India,UGC/AISHE-aligned national course catalogue,https://www.ugc.gov.in/regulations/UGC_Regulations_university,Prototype catalogue; verify institution-specific availability and regulator approval.
COURSE116,M.Com,PG,Commerce,All India,UGC/AISHE-aligned national course catalogue,https://www.ugc.gov.in/regulations/UGC_Regulations_university,Prototype catalogue; verify institution-specific availability and regulator approval.
COURSE117,M.Com Accounting,PG,Commerce,All India,UGC/AISHE-aligned national course catalogue,https://www.ugc.gov.in/regulations/UGC_Regulations_university,Prototype catalogue; verify institution-specific availability and regulator approval.
COURSE118,MBA,PG,Management,All India,UGC/AISHE-aligned national course catalogue,https://www.ugc.gov.in/regulations/UGC_Regulations_university,Prototype catalogue; verify institution-specific availability and regulator approval.
COURSE119,MBA Finance,PG,Management,All India,UGC/AISHE-aligned national course catalogue,https://www.ugc.gov.in/regulations/UGC_Regulations_university,Prototype catalogue; verify institution-specific availability and regulator approval.
COURSE120,MBA Marketing,PG,Management,All India,UGC/AISHE-aligned national course catalogue,https://www.ugc.gov.in/regulations/UGC_Regulations_university,Prototype catalogue; verify institution-specific availability and regulator approval.
COURSE121,MBA Human Resource Management,PG,Management,All India,UGC/AISHE-aligned national course catalogue,https://www.ugc.gov.in/regulations/UGC_Regulations_university,Prototype catalogue; verify institution-specific availability and regulator approval.
COURSE122,MBA Business Analytics,PG,Management,All India,UGC/AISHE-aligned national course catalogue,https://www.ugc.gov.in/regulations/UGC_Regulations_university,Prototype catalogue; verify institution-specific availability and regulator approval.
COURSE123,MBA International Business,PG,Management,All India,UGC/AISHE-aligned national course catalogue,https://www.ugc.gov.in/regulations/UGC_Regulations_university,Prototype catalogue; verify institution-specific availability and regulator approval.
COURSE124,MCA,PG,Computer Applications,All India,UGC/AISHE-aligned national course catalogue,https://www.ugc.gov.in/regulations/UGC_Regulations_university,Prototype catalogue; verify institution-specific availability and regulator approval.
COURSE125,MCA Data Science,PG,Computer Applications,All India,UGC/AISHE-aligned national course catalogue,https://www.ugc.gov.in/regulations/UGC_Regulations_university,Prototype catalogue; verify institution-specific availability and regulator approval.
COURSE126,MCA Artificial Intelligence,PG,Computer Applications,All India,UGC/AISHE-aligned national course catalogue,https://www.ugc.gov.in/regulations/UGC_Regulations_university,Prototype catalogue; verify institution-specific availability and regulator approval.
COURSE127,M.Sc. Mathematics,PG,Science,All India,UGC/AISHE-aligned national course catalogue,https://www.ugc.gov.in/regulations/UGC_Regulations_university,Prototype catalogue; verify institution-specific availability and regulator approval.
COURSE128,M.Sc. Physics,PG,Science,All India,UGC/AISHE-aligned national course catalogue,https://www.ugc.gov.in/regulations/UGC_Regulations_university,Prototype catalogue; verify institution-specific availability and regulator approval.
COURSE129,M.Sc. Chemistry,PG,Science,All India,UGC/AISHE-aligned national course catalogue,https://www.ugc.gov.in/regulations/UGC_Regulations_university,Prototype catalogue; verify institution-specific availability and regulator approval.
COURSE130,M.Sc. Botany,PG,Life Sciences,All India,UGC/AISHE-aligned national course catalogue,https://www.ugc.gov.in/regulations/UGC_Regulations_university,Prototype catalogue; verify institution-specific availability and regulator approval.
COURSE131,M.Sc. Zoology,PG,Life Sciences,All India,UGC/AISHE-aligned national course catalogue,https://www.ugc.gov.in/regulations/UGC_Regulations_university,Prototype catalogue; verify institution-specific availability and regulator approval.
COURSE132,M.Sc. Biotechnology,PG,Life Sciences,All India,UGC/AISHE-aligned national course catalogue,https://www.ugc.gov.in/regulations/UGC_Regulations_university,Prototype catalogue; verify institution-specific availability and regulator approval.
COURSE133,M.Sc. Microbiology,PG,Life Sciences,All India,UGC/AISHE-aligned national course catalogue,https://www.ugc.gov.in/regulations/UGC_Regulations_university,Prototype catalogue; verify institution-specific availability and regulator approval.
COURSE134,M.Sc. Biochemistry,PG,Life Sciences,All India,UGC/AISHE-aligned national course catalogue,https://www.ugc.gov.in/regulations/UGC_Regulations_university,Prototype catalogue; verify institution-specific availability and regulator approval.
COURSE135,M.Sc. Computer Science,PG,Computer Science,All India,UGC/AISHE-aligned national course catalogue,https://www.ugc.gov.in/regulations/UGC_Regulations_university,Prototype catalogue; verify institution-specific availability and regulator approval.
COURSE136,M.Sc. Information Technology,PG,Computer Science,All India,UGC/AISHE-aligned national course catalogue,https://www.ugc.gov.in/regulations/UGC_Regulations_university,Prototype catalogue; verify institution-specific availability and regulator approval.
COURSE137,M.Sc. Data Science,PG,Computer Science,All India,UGC/AISHE-aligned national course catalogue,https://www.ugc.gov.in/regulations/UGC_Regulations_university,Prototype catalogue; verify institution-specific availability and regulator approval.
COURSE138,M.Sc. Artificial Intelligence,PG,Computer Science,All India,UGC/AISHE-aligned national course catalogue,https://www.ugc.gov.in/regulations/UGC_Regulations_university,Prototype catalogue; verify institution-specific availability and regulator approval.
COURSE139,M.Sc. Statistics,PG,Science,All India,UGC/AISHE-aligned national course catalogue,https://www.ugc.gov.in/regulations/UGC_Regulations_university,Prototype catalogue; verify institution-specific availability and regulator approval.
COURSE140,M.Sc. Environmental Science,PG,Environmental Studies,All India,UGC/AISHE-aligned national course catalogue,https://www.ugc.gov.in/regulations/UGC_Regulations_university,Prototype catalogue; verify institution-specific availability and regulator approval.
COURSE141,M.Sc. Geology,PG,Earth Sciences,All India,UGC/AISHE-aligned national course catalogue,https://www.ugc.gov.in/regulations/UGC_Regulations_university,Prototype catalogue; verify institution-specific availability and regulator approval.
COURSE142,M.Sc. Food Technology,PG,Food Technology,All India,UGC/AISHE-aligned national course catalogue,https://www.ugc.gov.in/regulations/UGC_Regulations_university,Prototype catalogue; verify institution-specific availability and regulator approval.
COURSE143,M.Sc. Agriculture,PG,Agriculture,All India,UGC/AISHE-aligned national course catalogue,https://www.ugc.gov.in/regulations/UGC_Regulations_university,Prototype catalogue; verify institution-specific availability and regulator approval.
COURSE144,M.Tech. Computer Science,PG,Engineering,All India,UGC/AISHE-aligned national course catalogue,https://www.ugc.gov.in/regulations/UGC_Regulations_university,Prototype catalogue; verify institution-specific availability and regulator approval.
COURSE145,M.Tech. Artificial Intelligence,PG,Engineering,All India,UGC/AISHE-aligned national course catalogue,https://www.ugc.gov.in/regulations/UGC_Regulations_university,Prototype catalogue; verify institution-specific availability and regulator approval.
COURSE146,M.Tech. Data Science,PG,Engineering,All India,UGC/AISHE-aligned national course catalogue,https://www.ugc.gov.in/regulations/UGC_Regulations_university,Prototype catalogue; verify institution-specific availability and regulator approval.
COURSE147,M.Tech. Electronics & Communication,PG,Engineering,All India,UGC/AISHE-aligned national course catalogue,https://www.ugc.gov.in/regulations/UGC_Regulations_university,Prototype catalogue; verify institution-specific availability and regulator approval.
COURSE148,M.Tech. Mechanical Engineering,PG,Engineering,All India,UGC/AISHE-aligned national course catalogue,https://www.ugc.gov.in/regulations/UGC_Regulations_university,Prototype catalogue; verify institution-specific availability and regulator approval.
COURSE149,M.Tech. Civil Engineering,PG,Engineering,All India,UGC/AISHE-aligned national course catalogue,https://www.ugc.gov.in/regulations/UGC_Regulations_university,Prototype catalogue; verify institution-specific availability and regulator approval.
COURSE150,M.Tech. Biotechnology,PG,Engineering,All India,UGC/AISHE-aligned national course catalogue,https://www.ugc.gov.in/regulations/UGC_Regulations_university,Prototype catalogue; verify institution-specific availability and regulator approval.
COURSE151,M.Arch.,PG,Architecture,All India,UGC/AISHE-aligned national course catalogue,https://www.ugc.gov.in/regulations/UGC_Regulations_university,Prototype catalogue; verify institution-specific availability and regulator approval.
COURSE152,M.Plan.,PG,Planning,All India,UGC/AISHE-aligned national course catalogue,https://www.ugc.gov.in/regulations/UGC_Regulations_university,Prototype catalogue; verify institution-specific availability and regulator approval.
COURSE153,M.Des.,PG,Design,All India,UGC/AISHE-aligned national course catalogue,https://www.ugc.gov.in/regulations/UGC_Regulations_university,Prototype catalogue; verify institution-specific availability and regulator approval.
COURSE154,MFA,PG,Fine Arts,All India,UGC/AISHE-aligned national course catalogue,https://www.ugc.gov.in/regulations/UGC_Regulations_university,Prototype catalogue; verify institution-specific availability and regulator approval.
COURSE155,M.Ed.,PG/Professional,Education,All India,UGC/AISHE-aligned national course catalogue,https://www.ugc.gov.in/regulations/UGC_Regulations_university,Prototype catalogue; verify institution-specific availability and regulator approval.
COURSE156,M.P.Ed.,PG/Professional,Physical Education,All India,UGC/AISHE-aligned national course catalogue,https://www.ugc.gov.in/regulations/UGC_Regulations_university,Prototype catalogue; verify institution-specific availability and regulator approval.
COURSE157,M.Lib.I.Sc.,PG,Library Science,All India,UGC/AISHE-aligned national course catalogue,https://www.ugc.gov.in/regulations/UGC_Regulations_university,Prototype catalogue; verify institution-specific availability and regulator approval.
COURSE158,M.S.W.,PG,Social Work,All India,UGC/AISHE-aligned national course catalogue,https://www.ugc.gov.in/regulations/UGC_Regulations_university,Prototype catalogue; verify institution-specific availability and regulator approval.
COURSE159,LL.M.,PG/Professional,Law,All India,UGC/AISHE-aligned national course catalogue,https://www.ugc.gov.in/regulations/UGC_Regulations_university,Prototype catalogue; verify institution-specific availability and regulator approval.
COURSE160,M.Pharm.,PG/Professional,Pharmacy,All India,UGC/AISHE-aligned national course catalogue,https://www.ugc.gov.in/regulations/UGC_Regulations_university,Prototype catalogue; verify institution-specific availability and regulator approval.
COURSE161,M.Sc. Nursing,PG/Professional,Nursing,All India,UGC/AISHE-aligned national course catalogue,https://www.ugc.gov.in/regulations/UGC_Regulations_university,Prototype catalogue; verify institution-specific availability and regulator approval.
COURSE162,MPH,PG/Professional,Public Health,All India,UGC/AISHE-aligned national course catalogue,https://www.ugc.gov.in/regulations/UGC_Regulations_university,Prototype catalogue; verify institution-specific availability and regulator approval.
COURSE163,MPT,PG/Professional,Allied Health,All India,UGC/AISHE-aligned national course catalogue,https://www.ugc.gov.in/regulations/UGC_Regulations_university,Prototype catalogue; verify institution-specific availability and regulator approval.
COURSE164,MD,PG/Medical,Medicine,All India,UGC/AISHE-aligned national course catalogue,https://www.ugc.gov.in/regulations/UGC_Regulations_university,Prototype catalogue; verify institution-specific availability and regulator approval.
COURSE165,MS,PG/Medical,Medicine,All India,UGC/AISHE-aligned national course catalogue,https://www.ugc.gov.in/regulations/UGC_Regulations_university,Prototype catalogue; verify institution-specific availability and regulator approval.
COURSE166,MDS,PG/Medical,Dental,All India,UGC/AISHE-aligned national course catalogue,https://www.ugc.gov.in/regulations/UGC_Regulations_university,Prototype catalogue; verify institution-specific availability and regulator approval.
COURSE167,MD Ayurveda,PG/Medical,AYUSH,All India,UGC/AISHE-aligned national course catalogue,https://www.ugc.gov.in/regulations/UGC_Regulations_university,Prototype catalogue; verify institution-specific availability and regulator approval.
COURSE168,MD Homoeopathy,PG/Medical,AYUSH,All India,UGC/AISHE-aligned national course catalogue,https://www.ugc.gov.in/regulations/UGC_Regulations_university,Prototype catalogue; verify institution-specific availability and regulator approval.
COURSE169,M.V.Sc.,PG/Professional,Veterinary,All India,UGC/AISHE-aligned national course catalogue,https://www.ugc.gov.in/regulations/UGC_Regulations_university,Prototype catalogue; verify institution-specific availability and regulator approval.
COURSE170,MHM,PG/Professional,Hospitality,All India,UGC/AISHE-aligned national course catalogue,https://www.ugc.gov.in/regulations/UGC_Regulations_university,Prototype catalogue; verify institution-specific availability and regulator approval.
COURSE171,MTTM,PG/Professional,Tourism,All India,UGC/AISHE-aligned national course catalogue,https://www.ugc.gov.in/regulations/UGC_Regulations_university,Prototype catalogue; verify institution-specific availability and regulator approval.
COURSE172,Ph.D. English,Doctoral,Research,All India,UGC/AISHE-aligned national course catalogue,https://www.ugc.gov.in/regulations/UGC_Regulations_university,Prototype catalogue; verify institution-specific availability and regulator approval.
COURSE173,Ph.D. Economics,Doctoral,Research,All India,UGC/AISHE-aligned national course catalogue,https://www.ugc.gov.in/regulations/UGC_Regulations_university,Prototype catalogue; verify institution-specific availability and regulator approval.
COURSE174,Ph.D. Physics,Doctoral,Research,All India,UGC/AISHE-aligned national course catalogue,https://www.ugc.gov.in/regulations/UGC_Regulations_university,Prototype catalogue; verify institution-specific availability and regulator approval.
COURSE175,Ph.D. Chemistry,Doctoral,Research,All India,UGC/AISHE-aligned national course catalogue,https://www.ugc.gov.in/regulations/UGC_Regulations_university,Prototype catalogue; verify institution-specific availability and regulator approval.
COURSE176,Ph.D. Mathematics,Doctoral,Research,All India,UGC/AISHE-aligned national course catalogue,https://www.ugc.gov.in/regulations/UGC_Regulations_university,Prototype catalogue; verify institution-specific availability and regulator approval.
COURSE177,Ph.D. Computer Science,Doctoral,Research,All India,UGC/AISHE-aligned national course catalogue,https://www.ugc.gov.in/regulations/UGC_Regulations_university,Prototype catalogue; verify institution-specific availability and regulator approval.
COURSE178,Ph.D. Management,Doctoral,Research,All India,UGC/AISHE-aligned national course catalogue,https://www.ugc.gov.in/regulations/UGC_Regulations_university,Prototype catalogue; verify institution-specific availability and regulator approval.
COURSE179,Ph.D. Law,Doctoral,Research,All India,UGC/AISHE-aligned national course catalogue,https://www.ugc.gov.in/regulations/UGC_Regulations_university,Prototype catalogue; verify institution-specific availability and regulator approval.
COURSE180,Ph.D. Education,Doctoral,Research,All India,UGC/AISHE-aligned national course catalogue,https://www.ugc.gov.in/regulations/UGC_Regulations_university,Prototype catalogue; verify institution-specific availability and regulator approval.
